V1,sample,spot_name,cluster
1,H1,10x10_H1,7
2,H1,10x11_H1,7
3,H1,10x12_H1,7
4,H1,10x13_H1,7
5,H1,10x14_H1,7
6,H1,10x15_H1,4
7,H1,10x16_H1,2
8,H1,10x17_H1,2
9,H1,10x18_H1,2
10,H1,10x19_H1,2
11,H1,10x20_H1,4
12,H1,10x21_H1,4
13,H1,10x22_H1,4
14,H1,10x23_H1,4
15,H1,10x24_H1,3
16,H1,10x25_H1,3
17,H1,10x26_H1,3
18,H1,10x27_H1,3
19,H1,10x28_H1,3
20,H1,10x29_H1,3
21,H1,10x30_H1,3
22,H1,10x31_H1,3
23,H1,10x32_H1,3
24,H1,10x33_H1,3
25,H1,11x10_H1,7
26,H1,11x12_H1,7
27,H1,11x13_H1,7
28,H1,11x14_H1,7
29,H1,11x15_H1,3
30,H1,11x16_H1,3
31,H1,11x17_H1,2
32,H1,11x18_H1,2
33,H1,11x19_H1,2
34,H1,11x20_H1,6
35,H1,11x21_H1,6
36,H1,11x22_H1,4
37,H1,11x23_H1,4
38,H1,11x24_H1,4
39,H1,11x25_H1,3
40,H1,11x26_H1,3
41,H1,11x27_H1,3
42,H1,11x28_H1,3
43,H1,11x29_H1,3
44,H1,11x30_H1,3
45,H1,11x31_H1,3
46,H1,11x32_H1,3
47,H1,11x33_H1,4
48,H1,11x9_H1,7
49,H1,12x10_H1,7
50,H1,12x11_H1,7
51,H1,12x12_H1,7
52,H1,12x13_H1,7
53,H1,12x14_H1,7
54,H1,12x15_H1,7
55,H1,12x16_H1,6
56,H1,12x17_H1,2
57,H1,12x18_H1,2
58,H1,12x19_H1,2
59,H1,12x20_H1,2
60,H1,12x21_H1,2
61,H1,12x22_H1,2
62,H1,12x23_H1,4
63,H1,12x24_H1,4
64,H1,12x25_H1,4
65,H1,12x26_H1,3
66,H1,12x27_H1,3
67,H1,12x28_H1,3
68,H1,12x29_H1,3
69,H1,12x30_H1,3
70,H1,12x31_H1,3
71,H1,12x32_H1,4
72,H1,12x33_H1,4
73,H1,12x34_H1,4
74,H1,12x9_H1,7
75,H1,13x10_H1,7
76,H1,13x11_H1,7
77,H1,13x12_H1,7
78,H1,13x13_H1,7
79,H1,13x14_H1,7
80,H1,13x15_H1,7
81,H1,13x16_H1,6
82,H1,13x17_H1,2
83,H1,13x18_H1,2
84,H1,13x19_H1,2
85,H1,13x20_H1,2
86,H1,13x21_H1,2
87,H1,13x22_H1,2
88,H1,13x23_H1,4
89,H1,13x24_H1,4
90,H1,13x25_H1,4
91,H1,13x26_H1,4
92,H1,13x27_H1,3
93,H1,13x28_H1,3
94,H1,13x29_H1,3
95,H1,13x30_H1,3
96,H1,13x31_H1,4
97,H1,13x32_H1,4
98,H1,13x33_H1,4
99,H1,13x34_H1,4
100,H1,13x9_H1,7
101,H1,14x10_H1,7
102,H1,14x11_H1,7
103,H1,14x12_H1,7
104,H1,14x13_H1,7
105,H1,14x14_H1,7
106,H1,14x15_H1,7
107,H1,14x16_H1,4
108,H1,14x17_H1,2
109,H1,14x18_H1,2
110,H1,14x19_H1,2
111,H1,14x20_H1,2
112,H1,14x21_H1,2
113,H1,14x22_H1,2
114,H1,14x23_H1,6
115,H1,14x24_H1,4
116,H1,14x25_H1,4
117,H1,14x26_H1,4
118,H1,14x27_H1,3
119,H1,14x28_H1,3
120,H1,14x29_H1,3
121,H1,14x30_H1,3
122,H1,14x31_H1,6
123,H1,14x32_H1,3
124,H1,14x33_H1,3
125,H1,14x34_H1,4
126,H1,14x9_H1,7
127,H1,15x10_H1,5
128,H1,15x11_H1,5
129,H1,15x12_H1,7
130,H1,15x13_H1,7
131,H1,15x14_H1,7
132,H1,15x15_H1,7
133,H1,15x16_H1,7
134,H1,15x17_H1,2
135,H1,15x18_H1,2
136,H1,15x19_H1,2
137,H1,15x20_H1,2
138,H1,15x21_H1,6
139,H1,15x22_H1,6
140,H1,15x23_H1,4
141,H1,15x24_H1,6
142,H1,15x25_H1,6
143,H1,15x26_H1,6
144,H1,15x27_H1,3
145,H1,15x28_H1,3
146,H1,15x29_H1,3
147,H1,15x30_H1,3
148,H1,15x31_H1,3
149,H1,15x33_H1,2
150,H1,15x34_H1,2
151,H1,15x9_H1,7
152,H1,16x10_H1,5
153,H1,16x11_H1,5
154,H1,16x12_H1,7
155,H1,16x13_H1,7
156,H1,16x14_H1,7
157,H1,16x15_H1,7
158,H1,16x16_H1,7
159,H1,16x17_H1,7
160,H1,16x18_H1,2
161,H1,16x19_H1,2
162,H1,16x20_H1,2
163,H1,16x21_H1,6
164,H1,16x22_H1,6
165,H1,16x23_H1,4
166,H1,16x24_H1,6
167,H1,16x25_H1,6
168,H1,16x26_H1,6
169,H1,16x27_H1,3
170,H1,16x28_H1,3
171,H1,16x29_H1,2
172,H1,16x30_H1,3
173,H1,16x31_H1,3
174,H1,16x32_H1,3
175,H1,16x33_H1,2
176,H1,16x34_H1,2
177,H1,16x9_H1,5
178,H1,17x10_H1,5
179,H1,17x11_H1,5
180,H1,17x12_H1,5
181,H1,17x13_H1,7
182,H1,17x14_H1,7
183,H1,17x15_H1,7
184,H1,17x16_H1,7
185,H1,17x17_H1,7
186,H1,17x18_H1,7
187,H1,17x19_H1,7
188,H1,17x20_H1,7
189,H1,17x21_H1,4
190,H1,17x22_H1,4
191,H1,17x23_H1,4
192,H1,17x24_H1,6
193,H1,17x25_H1,6
194,H1,17x26_H1,6
195,H1,17x27_H1,6
196,H1,17x28_H1,6
197,H1,17x29_H1,6
198,H1,17x30_H1,2
199,H1,17x31_H1,3
200,H1,17x32_H1,2
201,H1,17x33_H1,2
202,H1,17x9_H1,5
203,H1,18x10_H1,5
204,H1,18x11_H1,5
205,H1,18x12_H1,5
206,H1,18x13_H1,7
207,H1,18x14_H1,7
208,H1,18x15_H1,7
209,H1,18x16_H1,7
210,H1,18x17_H1,7
211,H1,18x19_H1,7
212,H1,18x20_H1,6
213,H1,18x21_H1,4
214,H1,18x22_H1,7
215,H1,18x23_H1,7
216,H1,18x24_H1,1
217,H1,18x25_H1,6
218,H1,18x26_H1,6
219,H1,18x27_H1,6
220,H1,18x28_H1,6
221,H1,18x29_H1,6
222,H1,18x30_H1,6
223,H1,18x31_H1,6
224,H1,18x32_H1,6
225,H1,18x33_H1,5
226,H1,18x9_H1,7
227,H1,19x10_H1,7
228,H1,19x11_H1,7
229,H1,19x12_H1,7
230,H1,19x13_H1,7
231,H1,19x14_H1,7
232,H1,19x15_H1,7
233,H1,19x16_H1,7
234,H1,19x17_H1,7
235,H1,19x18_H1,7
236,H1,19x19_H1,6
237,H1,19x20_H1,6
238,H1,19x21_H1,7
239,H1,19x22_H1,7
240,H1,19x23_H1,7
241,H1,19x24_H1,7
242,H1,19x25_H1,7
243,H1,19x26_H1,4
244,H1,19x27_H1,6
245,H1,19x28_H1,1
246,H1,19x29_H1,1
247,H1,19x30_H1,1
248,H1,19x31_H1,1
249,H1,19x32_H1,1
250,H1,19x9_H1,7
251,H1,20x10_H1,7
252,H1,20x11_H1,7
253,H1,20x12_H1,7
254,H1,20x13_H1,7
255,H1,20x14_H1,7
256,H1,20x15_H1,7
257,H1,20x16_H1,7
258,H1,20x17_H1,7
259,H1,20x18_H1,7
260,H1,20x19_H1,6
261,H1,20x20_H1,6
262,H1,20x21_H1,7
263,H1,20x22_H1,7
264,H1,20x23_H1,7
265,H1,20x24_H1,7
266,H1,20x25_H1,1
267,H1,20x26_H1,1
268,H1,20x27_H1,1
269,H1,20x28_H1,1
270,H1,20x29_H1,1
271,H1,20x30_H1,1
272,H1,20x31_H1,1
273,H1,20x32_H1,1
274,H1,20x9_H1,7
275,H1,21x10_H1,7
276,H1,21x11_H1,7
277,H1,21x12_H1,7
278,H1,21x13_H1,7
279,H1,21x14_H1,7
280,H1,21x15_H1,7
281,H1,21x16_H1,7
282,H1,21x17_H1,7
283,H1,21x18_H1,7
284,H1,21x19_H1,6
285,H1,21x20_H1,7
286,H1,21x21_H1,7
287,H1,21x22_H1,7
288,H1,21x23_H1,1
289,H1,21x24_H1,1
290,H1,21x25_H1,1
291,H1,21x26_H1,1
292,H1,21x27_H1,1
293,H1,21x28_H1,1
294,H1,21x29_H1,1
295,H1,21x30_H1,1
296,H1,21x31_H1,1
297,H1,21x9_H1,7
298,H1,22x10_H1,7
299,H1,22x11_H1,7
300,H1,22x12_H1,7
301,H1,22x13_H1,7
302,H1,22x14_H1,7
303,H1,22x15_H1,7
304,H1,22x16_H1,7
305,H1,22x17_H1,7
306,H1,22x18_H1,7
307,H1,22x19_H1,6
308,H1,22x20_H1,7
309,H1,22x21_H1,7
310,H1,22x22_H1,7
311,H1,22x23_H1,1
312,H1,22x24_H1,1
313,H1,22x25_H1,1
314,H1,22x26_H1,1
315,H1,22x27_H1,1
316,H1,22x28_H1,1
317,H1,22x29_H1,1
318,H1,22x30_H1,1
319,H1,22x31_H1,1
320,H1,22x9_H1,7
321,H1,23x10_H1,7
322,H1,23x11_H1,7
323,H1,23x12_H1,7
324,H1,23x13_H1,7
325,H1,23x14_H1,7
326,H1,23x15_H1,7
327,H1,23x16_H1,7
328,H1,23x17_H1,7
329,H1,23x18_H1,7
330,H1,23x19_H1,7
331,H1,23x20_H1,7
332,H1,23x21_H1,7
333,H1,23x22_H1,7
334,H1,23x23_H1,7
335,H1,23x24_H1,1
336,H1,23x25_H1,1
337,H1,23x26_H1,1
338,H1,23x27_H1,1
339,H1,23x28_H1,1
340,H1,23x29_H1,1
341,H1,23x30_H1,1
342,H1,23x31_H1,1
343,H1,23x9_H1,7
344,H1,24x10_H1,7
345,H1,24x11_H1,7
346,H1,24x12_H1,7
347,H1,24x13_H1,7
348,H1,24x14_H1,7
349,H1,24x15_H1,7
350,H1,24x16_H1,7
351,H1,24x17_H1,7
352,H1,24x18_H1,7
353,H1,24x19_H1,7
354,H1,24x20_H1,7
355,H1,24x21_H1,7
356,H1,24x23_H1,7
357,H1,24x24_H1,1
358,H1,24x25_H1,1
359,H1,24x26_H1,1
360,H1,24x27_H1,1
361,H1,24x28_H1,1
362,H1,24x29_H1,1
363,H1,24x30_H1,1
364,H1,24x9_H1,7
365,H1,25x10_H1,7
366,H1,25x11_H1,7
367,H1,25x12_H1,7
368,H1,25x13_H1,7
369,H1,25x14_H1,7
370,H1,25x15_H1,7
371,H1,25x16_H1,7
372,H1,25x17_H1,7
373,H1,25x18_H1,7
374,H1,25x19_H1,7
375,H1,25x20_H1,7
376,H1,25x21_H1,7
377,H1,25x22_H1,7
378,H1,25x23_H1,7
379,H1,25x24_H1,1
380,H1,25x25_H1,1
381,H1,25x26_H1,1
382,H1,25x27_H1,1
383,H1,25x28_H1,1
384,H1,25x29_H1,1
385,H1,25x30_H1,1
386,H1,25x9_H1,7
387,H1,26x10_H1,7
388,H1,26x11_H1,7
389,H1,26x12_H1,7
390,H1,26x13_H1,7
391,H1,26x14_H1,7
392,H1,26x15_H1,7
393,H1,26x16_H1,7
394,H1,26x17_H1,7
395,H1,26x18_H1,7
396,H1,26x19_H1,7
397,H1,26x20_H1,7
398,H1,26x21_H1,7
399,H1,26x22_H1,7
400,H1,26x23_H1,1
401,H1,26x24_H1,1
402,H1,26x25_H1,1
403,H1,26x26_H1,1
404,H1,26x27_H1,1
405,H1,26x28_H1,1
406,H1,27x10_H1,7
407,H1,27x11_H1,7
408,H1,27x12_H1,7
409,H1,27x13_H1,7
410,H1,27x14_H1,7
411,H1,27x15_H1,7
412,H1,27x16_H1,7
413,H1,27x17_H1,7
414,H1,27x18_H1,7
415,H1,27x19_H1,5
416,H1,27x20_H1,5
417,H1,27x21_H1,5
418,H1,27x22_H1,5
419,H1,27x23_H1,1
420,H1,27x24_H1,1
421,H1,27x25_H1,1
422,H1,27x26_H1,1
423,H1,27x27_H1,1
424,H1,27x28_H1,1
425,H1,28x10_H1,7
426,H1,28x11_H1,7
427,H1,28x12_H1,7
428,H1,28x13_H1,7
429,H1,28x14_H1,7
430,H1,28x15_H1,7
431,H1,28x16_H1,7
432,H1,28x17_H1,7
433,H1,28x18_H1,7
434,H1,28x19_H1,5
435,H1,28x20_H1,5
436,H1,28x21_H1,5
437,H1,28x22_H1,5
438,H1,28x23_H1,1
439,H1,28x24_H1,1
440,H1,28x25_H1,1
441,H1,28x26_H1,1
442,H1,29x10_H1,7
443,H1,29x11_H1,7
444,H1,29x12_H1,7
445,H1,29x13_H1,7
446,H1,29x14_H1,7
447,H1,29x15_H1,7
448,H1,29x16_H1,7
449,H1,29x17_H1,7
450,H1,29x18_H1,5
451,H1,29x19_H1,5
452,H1,29x20_H1,5
453,H1,29x21_H1,5
454,H1,29x22_H1,5
455,H1,29x23_H1,1
456,H1,29x24_H1,5
457,H1,30x11_H1,7
458,H1,30x12_H1,7
459,H1,30x13_H1,7
460,H1,30x14_H1,7
461,H1,30x15_H1,7
462,H1,30x16_H1,7
463,H1,30x17_H1,7
464,H1,30x18_H1,5
465,H1,30x19_H1,5
466,H1,30x20_H1,5
467,H1,30x21_H1,5
468,H1,30x23_H1,5
469,H1,31x10_H1,7
470,H1,31x11_H1,7
471,H1,31x12_H1,7
472,H1,31x13_H1,7
473,H1,31x14_H1,7
474,H1,31x15_H1,7
475,H1,31x16_H1,7
476,H1,31x17_H1,2
477,H1,32x11_H1,7
478,H1,32x12_H1,7
479,H1,3x25_H1,3
480,H1,3x26_H1,3
481,H1,3x27_H1,3
482,H1,3x28_H1,3
483,H1,3x29_H1,3
484,H1,3x30_H1,4
485,H1,3x31_H1,4
486,H1,3x32_H1,4
487,H1,4x20_H1,2
488,H1,4x21_H1,2
489,H1,4x22_H1,2
490,H1,4x23_H1,3
491,H1,4x24_H1,3
492,H1,4x25_H1,3
493,H1,4x26_H1,3
494,H1,4x27_H1,3
495,H1,4x28_H1,3
496,H1,4x29_H1,3
497,H1,4x30_H1,4
498,H1,4x31_H1,4
499,H1,4x32_H1,4
500,H1,5x14_H1,4
501,H1,5x16_H1,4
502,H1,5x17_H1,4
503,H1,5x18_H1,4
504,H1,5x19_H1,4
505,H1,5x20_H1,2
506,H1,5x21_H1,2
507,H1,5x22_H1,3
508,H1,5x23_H1,4
509,H1,5x24_H1,3
510,H1,5x25_H1,3
511,H1,5x26_H1,3
512,H1,5x27_H1,3
513,H1,5x28_H1,3
514,H1,5x29_H1,4
515,H1,5x30_H1,4
516,H1,5x31_H1,4
517,H1,5x32_H1,4
518,H1,6x10_H1,7
519,H1,6x11_H1,7
520,H1,6x12_H1,7
521,H1,6x13_H1,7
522,H1,6x14_H1,4
523,H1,6x15_H1,4
524,H1,6x16_H1,4
525,H1,6x17_H1,4
526,H1,6x18_H1,4
527,H1,6x19_H1,4
528,H1,6x20_H1,4
529,H1,6x21_H1,4
530,H1,6x22_H1,4
531,H1,6x23_H1,4
532,H1,6x24_H1,4
533,H1,6x25_H1,3
534,H1,6x26_H1,3
535,H1,6x27_H1,4
536,H1,6x28_H1,4
537,H1,6x29_H1,4
538,H1,6x30_H1,4
539,H1,6x31_H1,4
540,H1,6x32_H1,4
541,H1,6x33_H1,4
542,H1,7x10_H1,7
543,H1,7x11_H1,7
544,H1,7x12_H1,7
545,H1,7x13_H1,7
546,H1,7x14_H1,4
547,H1,7x15_H1,4
548,H1,7x16_H1,4
549,H1,7x17_H1,4
550,H1,7x18_H1,4
551,H1,7x19_H1,4
552,H1,7x20_H1,4
553,H1,7x21_H1,4
554,H1,7x22_H1,4
555,H1,7x23_H1,3
556,H1,7x24_H1,3
557,H1,7x25_H1,3
558,H1,7x26_H1,3
559,H1,7x27_H1,3
560,H1,7x28_H1,4
561,H1,7x29_H1,3
562,H1,7x30_H1,3
563,H1,7x31_H1,3
564,H1,7x32_H1,3
565,H1,7x33_H1,7
566,H1,8x10_H1,7
567,H1,8x11_H1,7
568,H1,8x12_H1,7
569,H1,8x13_H1,7
570,H1,8x14_H1,4
571,H1,8x15_H1,4
572,H1,8x16_H1,4
573,H1,8x17_H1,4
574,H1,8x18_H1,4
575,H1,8x19_H1,4
576,H1,8x20_H1,4
577,H1,8x21_H1,4
578,H1,8x22_H1,3
579,H1,8x23_H1,3
580,H1,8x24_H1,3
581,H1,8x25_H1,3
582,H1,8x26_H1,3
583,H1,8x27_H1,3
584,H1,8x28_H1,3
585,H1,8x29_H1,3
586,H1,8x30_H1,3
587,H1,8x31_H1,3
588,H1,8x32_H1,3
589,H1,8x33_H1,4
590,H1,9x10_H1,7
591,H1,9x11_H1,7
592,H1,9x12_H1,7
593,H1,9x13_H1,7
594,H1,9x14_H1,7
595,H1,9x15_H1,4
596,H1,9x16_H1,2
597,H1,9x17_H1,2
598,H1,9x18_H1,2
599,H1,9x19_H1,4
600,H1,9x20_H1,4
601,H1,9x21_H1,4
602,H1,9x22_H1,3
603,H1,9x23_H1,3
604,H1,9x24_H1,3
605,H1,9x25_H1,3
606,H1,9x26_H1,3
607,H1,9x27_H1,3
608,H1,9x28_H1,3
609,H1,9x29_H1,3
610,H1,9x30_H1,3
611,H1,9x31_H1,3
612,H1,9x32_H1,3
613,H1,9x33_H1,3
614,H2,10x11_H2,7
615,H2,10x12_H2,7
616,H2,10x13_H2,7
617,H2,10x14_H2,4
618,H2,10x15_H2,3
619,H2,10x16_H2,3
620,H2,10x17_H2,2
621,H2,10x18_H2,2
622,H2,10x19_H2,2
623,H2,10x20_H2,2
624,H2,10x21_H2,4
625,H2,10x22_H2,4
626,H2,10x23_H2,4
627,H2,10x24_H2,4
628,H2,10x25_H2,3
629,H2,10x26_H2,3
630,H2,10x27_H2,3
631,H2,10x28_H2,3
632,H2,10x29_H2,3
633,H2,10x30_H2,3
634,H2,10x31_H2,3
635,H2,10x32_H2,3
636,H2,10x33_H2,4
637,H2,10x34_H2,4
638,H2,11x12_H2,7
639,H2,11x13_H2,7
640,H2,11x14_H2,4
641,H2,11x15_H2,4
642,H2,11x16_H2,2
643,H2,11x17_H2,2
644,H2,11x18_H2,2
645,H2,11x19_H2,2
646,H2,11x20_H2,2
647,H2,11x21_H2,2
648,H2,11x22_H2,2
649,H2,11x23_H2,6
650,H2,11x24_H2,4
651,H2,11x25_H2,3
652,H2,11x26_H2,3
653,H2,11x27_H2,3
654,H2,11x28_H2,3
655,H2,11x29_H2,3
656,H2,11x30_H2,3
657,H2,11x31_H2,3
658,H2,11x32_H2,3
659,H2,11x33_H2,4
660,H2,11x34_H2,4
661,H2,12x10_H2,7
662,H2,12x11_H2,7
663,H2,12x12_H2,7
664,H2,12x13_H2,7
665,H2,12x14_H2,7
666,H2,12x15_H2,4
667,H2,12x16_H2,4
668,H2,12x17_H2,3
669,H2,12x18_H2,2
670,H2,12x19_H2,2
671,H2,12x20_H2,2
672,H2,12x21_H2,2
673,H2,12x22_H2,2
674,H2,12x23_H2,2
675,H2,12x24_H2,6
676,H2,12x25_H2,4
677,H2,12x26_H2,4
678,H2,12x27_H2,3
679,H2,12x28_H2,3
680,H2,12x29_H2,3
681,H2,12x30_H2,3
682,H2,12x31_H2,3
683,H2,12x32_H2,3
684,H2,12x33_H2,4
685,H2,12x34_H2,4
686,H2,13x10_H2,7
687,H2,13x11_H2,7
688,H2,13x12_H2,7
689,H2,13x13_H2,7
690,H2,13x14_H2,7
691,H2,13x15_H2,4
692,H2,13x16_H2,4
693,H2,13x17_H2,4
694,H2,13x18_H2,2
695,H2,13x19_H2,2
696,H2,13x20_H2,2
697,H2,13x21_H2,2
698,H2,13x22_H2,2
699,H2,13x23_H2,2
700,H2,13x24_H2,6
701,H2,13x25_H2,4
702,H2,13x26_H2,4
703,H2,13x27_H2,4
704,H2,13x28_H2,3
705,H2,13x29_H2,3
706,H2,13x30_H2,3
707,H2,13x31_H2,3
708,H2,13x32_H2,3
709,H2,13x33_H2,4
710,H2,13x34_H2,4
711,H2,14x10_H2,7
712,H2,14x11_H2,7
713,H2,14x12_H2,7
714,H2,14x13_H2,7
715,H2,14x14_H2,7
716,H2,14x15_H2,4
717,H2,14x16_H2,4
718,H2,14x17_H2,4
719,H2,14x18_H2,2
720,H2,14x19_H2,2
721,H2,14x20_H2,2
722,H2,14x21_H2,2
723,H2,14x22_H2,2
724,H2,14x23_H2,2
725,H2,14x24_H2,6
726,H2,14x25_H2,4
727,H2,14x26_H2,6
728,H2,14x27_H2,6
729,H2,14x28_H2,3
730,H2,14x29_H2,3
731,H2,14x30_H2,3
732,H2,14x31_H2,3
733,H2,14x32_H2,3
734,H2,14x33_H2,3
735,H2,14x34_H2,3
736,H2,15x10_H2,7
737,H2,15x11_H2,7
738,H2,15x12_H2,5
739,H2,15x13_H2,5
740,H2,15x14_H2,7
741,H2,15x15_H2,4
742,H2,15x16_H2,4
743,H2,15x17_H2,4
744,H2,15x18_H2,2
745,H2,15x19_H2,2
746,H2,15x20_H2,2
747,H2,15x21_H2,2
748,H2,15x22_H2,2
749,H2,15x23_H2,2
750,H2,15x24_H2,4
751,H2,15x25_H2,4
752,H2,15x26_H2,6
753,H2,15x27_H2,6
754,H2,15x28_H2,3
755,H2,15x29_H2,3
756,H2,15x30_H2,3
757,H2,15x31_H2,3
758,H2,15x32_H2,3
759,H2,15x33_H2,3
760,H2,15x34_H2,3
761,H2,16x10_H2,5
762,H2,16x11_H2,5
763,H2,16x12_H2,5
764,H2,16x13_H2,5
765,H2,16x14_H2,7
766,H2,16x15_H2,7
767,H2,16x16_H2,4
768,H2,16x17_H2,4
769,H2,16x18_H2,4
770,H2,16x19_H2,2
771,H2,16x20_H2,2
772,H2,16x21_H2,2
773,H2,16x22_H2,6
774,H2,16x23_H2,4
775,H2,16x24_H2,4
776,H2,16x25_H2,6
777,H2,16x26_H2,6
778,H2,16x27_H2,6
779,H2,16x28_H2,6
780,H2,16x29_H2,3
781,H2,16x30_H2,3
782,H2,16x31_H2,3
783,H2,16x32_H2,3
784,H2,16x33_H2,3
785,H2,16x34_H2,3
786,H2,17x10_H2,5
787,H2,17x11_H2,5
788,H2,17x12_H2,5
789,H2,17x13_H2,5
790,H2,17x14_H2,7
791,H2,17x15_H2,7
792,H2,17x16_H2,7
793,H2,17x17_H2,4
794,H2,17x18_H2,4
795,H2,17x19_H2,4
796,H2,17x20_H2,4
797,H2,17x21_H2,4
798,H2,17x22_H2,4
799,H2,17x23_H2,4
800,H2,17x24_H2,4
801,H2,17x25_H2,6
802,H2,17x26_H2,6
803,H2,17x27_H2,6
804,H2,17x28_H2,6
805,H2,17x29_H2,6
806,H2,17x30_H2,6
807,H2,17x31_H2,3
808,H2,17x32_H2,3
809,H2,17x33_H2,3
810,H2,17x34_H2,3
811,H2,18x10_H2,7
812,H2,18x11_H2,7
813,H2,18x12_H2,5
814,H2,18x13_H2,5
815,H2,18x14_H2,7
816,H2,18x15_H2,7
817,H2,18x16_H2,7
818,H2,18x17_H2,4
819,H2,18x19_H2,4
820,H2,18x20_H2,4
821,H2,18x21_H2,6
822,H2,18x22_H2,4
823,H2,18x23_H2,4
824,H2,18x24_H2,4
825,H2,18x25_H2,4
826,H2,18x26_H2,4
827,H2,18x27_H2,6
828,H2,18x28_H2,6
829,H2,18x29_H2,6
830,H2,18x30_H2,4
831,H2,18x31_H2,4
832,H2,18x32_H2,6
833,H2,18x33_H2,6
834,H2,18x34_H2,1
835,H2,19x10_H2,7
836,H2,19x11_H2,7
837,H2,19x12_H2,5
838,H2,19x13_H2,5
839,H2,19x14_H2,7
840,H2,19x15_H2,7
841,H2,19x16_H2,7
842,H2,19x17_H2,7
843,H2,19x18_H2,4
844,H2,19x19_H2,4
845,H2,19x20_H2,6
846,H2,19x21_H2,6
847,H2,19x22_H2,4
848,H2,19x23_H2,4
849,H2,19x24_H2,4
850,H2,19x25_H2,4
851,H2,19x26_H2,4
852,H2,19x27_H2,4
853,H2,19x28_H2,4
854,H2,19x29_H2,4
855,H2,19x30_H2,4
856,H2,19x31_H2,1
857,H2,19x32_H2,1
858,H2,19x33_H2,1
859,H2,20x10_H2,7
860,H2,20x11_H2,7
861,H2,20x12_H2,7
862,H2,20x13_H2,7
863,H2,20x14_H2,7
864,H2,20x15_H2,7
865,H2,20x16_H2,7
866,H2,20x17_H2,7
867,H2,20x18_H2,4
868,H2,20x19_H2,4
869,H2,20x20_H2,6
870,H2,20x21_H2,6
871,H2,20x22_H2,4
872,H2,20x23_H2,4
873,H2,20x24_H2,4
874,H2,20x25_H2,4
875,H2,20x26_H2,4
876,H2,20x27_H2,7
877,H2,20x28_H2,4
878,H2,20x29_H2,1
879,H2,20x30_H2,1
880,H2,20x31_H2,1
881,H2,20x32_H2,1
882,H2,20x33_H2,1
883,H2,21x10_H2,7
884,H2,21x11_H2,7
885,H2,21x12_H2,7
886,H2,21x13_H2,7
887,H2,21x14_H2,7
888,H2,21x15_H2,7
889,H2,21x16_H2,7
890,H2,21x17_H2,7
891,H2,21x18_H2,7
892,H2,21x19_H2,7
893,H2,21x20_H2,6
894,H2,21x21_H2,4
895,H2,21x22_H2,4
896,H2,21x23_H2,4
897,H2,21x24_H2,4
898,H2,21x25_H2,4
899,H2,21x26_H2,4
900,H2,21x27_H2,1
901,H2,21x28_H2,1
902,H2,21x29_H2,1
903,H2,21x30_H2,1
904,H2,21x31_H2,1
905,H2,21x32_H2,1
906,H2,22x10_H2,7
907,H2,22x11_H2,7
908,H2,22x12_H2,7
909,H2,22x13_H2,7
910,H2,22x14_H2,7
911,H2,22x15_H2,7
912,H2,22x17_H2,5
913,H2,22x18_H2,5
914,H2,22x19_H2,7
915,H2,22x20_H2,6
916,H2,22x21_H2,4
917,H2,22x22_H2,4
918,H2,22x23_H2,4
919,H2,22x24_H2,4
920,H2,22x25_H2,4
921,H2,22x26_H2,1
922,H2,22x27_H2,1
923,H2,22x28_H2,1
924,H2,22x29_H2,1
925,H2,22x30_H2,1
926,H2,22x31_H2,1
927,H2,22x32_H2,1
928,H2,23x10_H2,7
929,H2,23x11_H2,7
930,H2,23x12_H2,7
931,H2,23x13_H2,7
932,H2,23x14_H2,7
933,H2,23x15_H2,7
934,H2,23x16_H2,7
935,H2,23x17_H2,5
936,H2,23x18_H2,5
937,H2,23x19_H2,7
938,H2,23x20_H2,6
939,H2,23x21_H2,4
940,H2,23x22_H2,4
941,H2,23x23_H2,4
942,H2,23x24_H2,4
943,H2,23x25_H2,4
944,H2,23x26_H2,1
945,H2,23x27_H2,1
946,H2,23x28_H2,1
947,H2,23x29_H2,1
948,H2,23x30_H2,1
949,H2,23x31_H2,1
950,H2,23x32_H2,1
951,H2,24x10_H2,7
952,H2,24x11_H2,7
953,H2,24x12_H2,7
954,H2,24x13_H2,7
955,H2,24x14_H2,7
956,H2,24x15_H2,7
957,H2,24x16_H2,7
958,H2,24x17_H2,7
959,H2,24x18_H2,7
960,H2,24x19_H2,7
961,H2,24x20_H2,7
962,H2,24x21_H2,7
963,H2,24x23_H2,7
964,H2,24x24_H2,7
965,H2,24x25_H2,7
966,H2,24x26_H2,1
967,H2,24x27_H2,1
968,H2,24x28_H2,1
969,H2,24x29_H2,1
970,H2,24x30_H2,1
971,H2,24x31_H2,1
972,H2,24x32_H2,1
973,H2,25x10_H2,7
974,H2,25x11_H2,7
975,H2,25x12_H2,7
976,H2,25x13_H2,7
977,H2,25x14_H2,7
978,H2,25x15_H2,7
979,H2,25x16_H2,7
980,H2,25x17_H2,7
981,H2,25x18_H2,7
982,H2,25x19_H2,7
983,H2,25x20_H2,7
984,H2,25x21_H2,7
985,H2,25x22_H2,7
986,H2,25x23_H2,7
987,H2,25x24_H2,7
988,H2,25x25_H2,7
989,H2,25x26_H2,1
990,H2,25x27_H2,1
991,H2,25x28_H2,1
992,H2,25x29_H2,1
993,H2,25x30_H2,1
994,H2,25x31_H2,1
995,H2,26x11_H2,7
996,H2,26x12_H2,7
997,H2,26x13_H2,7
998,H2,26x14_H2,7
999,H2,26x15_H2,7
1000,H2,26x16_H2,7
1001,H2,26x17_H2,7
1002,H2,26x18_H2,7
1003,H2,26x19_H2,7
1004,H2,26x20_H2,6
1005,H2,26x21_H2,7
1006,H2,26x22_H2,7
1007,H2,26x23_H2,7
1008,H2,26x24_H2,7
1009,H2,26x25_H2,7
1010,H2,26x26_H2,1
1011,H2,26x27_H2,1
1012,H2,26x28_H2,1
1013,H2,26x29_H2,1
1014,H2,26x30_H2,1
1015,H2,27x12_H2,7
1016,H2,27x13_H2,7
1017,H2,27x14_H2,7
1018,H2,27x15_H2,7
1019,H2,27x16_H2,7
1020,H2,27x17_H2,7
1021,H2,27x18_H2,7
1022,H2,27x19_H2,7
1023,H2,27x20_H2,5
1024,H2,27x21_H2,5
1025,H2,27x22_H2,5
1026,H2,27x23_H2,5
1027,H2,27x24_H2,7
1028,H2,27x25_H2,7
1029,H2,27x26_H2,1
1030,H2,27x27_H2,1
1031,H2,27x28_H2,1
1032,H2,27x29_H2,1
1033,H2,28x12_H2,7
1034,H2,28x13_H2,7
1035,H2,28x14_H2,7
1036,H2,28x15_H2,7
1037,H2,28x16_H2,7
1038,H2,28x17_H2,7
1039,H2,28x18_H2,7
1040,H2,28x19_H2,7
1041,H2,28x20_H2,5
1042,H2,28x21_H2,5
1043,H2,28x22_H2,5
1044,H2,28x23_H2,5
1045,H2,28x24_H2,7
1046,H2,28x25_H2,7
1047,H2,28x26_H2,7
1048,H2,28x27_H2,1
1049,H2,28x28_H2,1
1050,H2,29x12_H2,7
1051,H2,29x13_H2,7
1052,H2,29x14_H2,7
1053,H2,29x15_H2,7
1054,H2,29x16_H2,7
1055,H2,29x17_H2,7
1056,H2,29x18_H2,7
1057,H2,29x19_H2,5
1058,H2,29x20_H2,5
1059,H2,29x21_H2,5
1060,H2,29x22_H2,5
1061,H2,29x23_H2,5
1062,H2,29x24_H2,5
1063,H2,29x25_H2,7
1064,H2,29x26_H2,7
1065,H2,29x27_H2,1
1066,H2,30x12_H2,7
1067,H2,30x13_H2,7
1068,H2,30x14_H2,7
1069,H2,30x15_H2,7
1070,H2,30x16_H2,7
1071,H2,30x17_H2,7
1072,H2,30x18_H2,7
1073,H2,30x19_H2,5
1074,H2,30x20_H2,5
1075,H2,30x21_H2,5
1076,H2,30x23_H2,5
1077,H2,30x24_H2,5
1078,H2,31x12_H2,7
1079,H2,31x13_H2,7
1080,H2,31x14_H2,7
1081,H2,31x15_H2,7
1082,H2,31x16_H2,7
1083,H2,31x17_H2,7
1084,H2,31x18_H2,2
1085,H2,32x13_H2,7
1086,H2,3x27_H2,3
1087,H2,3x28_H2,3
1088,H2,3x29_H2,3
1089,H2,3x30_H2,3
1090,H2,3x31_H2,4
1091,H2,3x32_H2,4
1092,H2,3x33_H2,4
1093,H2,4x22_H2,2
1094,H2,4x23_H2,4
1095,H2,4x24_H2,4
1096,H2,4x25_H2,3
1097,H2,4x26_H2,3
1098,H2,4x27_H2,3
1099,H2,4x28_H2,3
1100,H2,4x29_H2,3
1101,H2,4x30_H2,3
1102,H2,4x31_H2,4
1103,H2,4x32_H2,4
1104,H2,4x33_H2,4
1105,H2,5x17_H2,4
1106,H2,5x18_H2,4
1107,H2,5x19_H2,4
1108,H2,5x20_H2,2
1109,H2,5x21_H2,2
1110,H2,5x22_H2,2
1111,H2,5x23_H2,4
1112,H2,5x24_H2,4
1113,H2,5x25_H2,4
1114,H2,5x26_H2,3
1115,H2,5x27_H2,3
1116,H2,5x28_H2,3
1117,H2,5x29_H2,3
1118,H2,5x30_H2,3
1119,H2,5x31_H2,4
1120,H2,5x32_H2,4
1121,H2,5x33_H2,4
1122,H2,6x11_H2,7
1123,H2,6x12_H2,7
1124,H2,6x13_H2,7
1125,H2,6x14_H2,4
1126,H2,6x15_H2,4
1127,H2,6x16_H2,4
1128,H2,6x17_H2,4
1129,H2,6x18_H2,4
1130,H2,6x19_H2,4
1131,H2,6x20_H2,4
1132,H2,6x21_H2,4
1133,H2,6x22_H2,4
1134,H2,6x23_H2,4
1135,H2,6x24_H2,4
1136,H2,6x25_H2,4
1137,H2,6x26_H2,3
1138,H2,6x27_H2,3
1139,H2,6x28_H2,3
1140,H2,6x29_H2,3
1141,H2,6x30_H2,3
1142,H2,6x31_H2,3
1143,H2,6x32_H2,3
1144,H2,6x33_H2,3
1145,H2,7x11_H2,7
1146,H2,7x12_H2,7
1147,H2,7x13_H2,7
1148,H2,7x14_H2,4
1149,H2,7x15_H2,4
1150,H2,7x16_H2,4
1151,H2,7x17_H2,4
1152,H2,7x18_H2,4
1153,H2,7x19_H2,4
1154,H2,7x20_H2,4
1155,H2,7x21_H2,4
1156,H2,7x22_H2,4
1157,H2,7x23_H2,4
1158,H2,7x24_H2,4
1159,H2,7x25_H2,3
1160,H2,7x26_H2,3
1161,H2,7x27_H2,3
1162,H2,7x28_H2,3
1163,H2,7x29_H2,3
1164,H2,7x30_H2,3
1165,H2,7x31_H2,3
1166,H2,7x32_H2,3
1167,H2,7x33_H2,3
1168,H2,7x34_H2,3
1169,H2,8x11_H2,7
1170,H2,8x12_H2,7
1171,H2,8x13_H2,4
1172,H2,8x14_H2,4
1173,H2,8x15_H2,4
1174,H2,8x16_H2,4
1175,H2,8x17_H2,4
1176,H2,8x18_H2,4
1177,H2,8x19_H2,4
1178,H2,8x20_H2,4
1179,H2,8x21_H2,4
1180,H2,8x22_H2,4
1181,H2,8x23_H2,3
1182,H2,8x24_H2,2
1183,H2,8x25_H2,3
1184,H2,8x26_H2,3
1185,H2,8x27_H2,3
1186,H2,8x28_H2,3
1187,H2,8x29_H2,3
1188,H2,8x30_H2,3
1189,H2,8x31_H2,3
1190,H2,8x32_H2,3
1191,H2,8x33_H2,3
1192,H2,8x34_H2,4
1193,H2,9x11_H2,7
1194,H2,9x12_H2,7
1195,H2,9x13_H2,4
1196,H2,9x14_H2,4
1197,H2,9x15_H2,3
1198,H2,9x16_H2,3
1199,H2,9x17_H2,3
1200,H2,9x18_H2,2
1201,H2,9x19_H2,2
1202,H2,9x20_H2,4
1203,H2,9x21_H2,4
1204,H2,9x22_H2,4
1205,H2,9x23_H2,2
1206,H2,9x24_H2,2
1207,H2,9x25_H2,3
1208,H2,9x26_H2,3
1209,H2,9x27_H2,3
1210,H2,9x28_H2,3
1211,H2,9x29_H2,3
1212,H2,9x30_H2,3
1213,H2,9x31_H2,3
1214,H2,9x32_H2,3
1215,H2,9x33_H2,4
1216,H2,9x34_H2,3
1217,H3,10x10_H3,7
1218,H3,10x11_H3,7
1219,H3,10x12_H3,7
1220,H3,10x13_H3,7
1221,H3,10x14_H3,4
1222,H3,10x15_H3,4
1223,H3,10x16_H3,3
1224,H3,10x17_H3,3
1225,H3,10x18_H3,2
1226,H3,10x19_H3,2
1227,H3,10x20_H3,2
1228,H3,10x21_H3,6
1229,H3,10x22_H3,4
1230,H3,10x23_H3,4
1231,H3,10x26_H3,3
1232,H3,10x30_H3,3
1233,H3,10x31_H3,3
1234,H3,10x32_H3,3
1235,H3,10x33_H3,4
1236,H3,10x34_H3,4
1237,H3,11x10_H3,7
1238,H3,11x12_H3,7
1239,H3,11x13_H3,7
1240,H3,11x14_H3,7
1241,H3,11x15_H3,7
1242,H3,11x16_H3,2
1243,H3,11x17_H3,2
1244,H3,11x18_H3,2
1245,H3,11x19_H3,2
1246,H3,11x20_H3,2
1247,H3,11x21_H3,2
1248,H3,11x22_H3,2
1249,H3,11x23_H3,4
1250,H3,11x26_H3,3
1251,H3,11x27_H3,3
1252,H3,11x32_H3,4
1253,H3,11x33_H3,4
1254,H3,11x34_H3,4
1255,H3,12x10_H3,7
1256,H3,12x11_H3,7
1257,H3,12x12_H3,7
1258,H3,12x13_H3,7
1259,H3,12x14_H3,7
1260,H3,12x15_H3,7
1261,H3,12x16_H3,4
1262,H3,12x17_H3,2
1263,H3,12x18_H3,2
1264,H3,12x19_H3,2
1265,H3,12x20_H3,2
1266,H3,12x21_H3,2
1267,H3,12x22_H3,2
1268,H3,12x23_H3,4
1269,H3,12x24_H3,4
1270,H3,12x25_H3,4
1271,H3,12x26_H3,3
1272,H3,12x27_H3,3
1273,H3,12x28_H3,3
1274,H3,12x31_H3,3
1275,H3,12x32_H3,3
1276,H3,12x33_H3,3
1277,H3,12x34_H3,3
1278,H3,13x10_H3,7
1279,H3,13x11_H3,7
1280,H3,13x12_H3,7
1281,H3,13x13_H3,7
1282,H3,13x14_H3,7
1283,H3,13x15_H3,7
1284,H3,13x16_H3,4
1285,H3,13x17_H3,2
1286,H3,13x18_H3,2
1287,H3,13x19_H3,2
1288,H3,13x20_H3,2
1289,H3,13x21_H3,2
1290,H3,13x22_H3,2
1291,H3,13x23_H3,6
1292,H3,13x24_H3,4
1293,H3,13x25_H3,4
1294,H3,13x26_H3,3
1295,H3,13x27_H3,3
1296,H3,13x28_H3,3
1297,H3,13x33_H3,3
1298,H3,13x34_H3,3
1299,H3,14x10_H3,7
1300,H3,14x11_H3,7
1301,H3,14x12_H3,5
1302,H3,14x13_H3,7
1303,H3,14x14_H3,7
1304,H3,14x15_H3,7
1305,H3,14x16_H3,4
1306,H3,14x17_H3,2
1307,H3,14x18_H3,2
1308,H3,14x19_H3,2
1309,H3,14x20_H3,2
1310,H3,14x21_H3,2
1311,H3,14x22_H3,2
1312,H3,14x23_H3,4
1313,H3,14x24_H3,4
1314,H3,14x25_H3,6
1315,H3,14x26_H3,3
1316,H3,14x27_H3,3
1317,H3,14x28_H3,3
1318,H3,14x29_H3,3
1319,H3,14x30_H3,3
1320,H3,14x34_H3,3
1321,H3,15x10_H3,5
1322,H3,15x11_H3,5
1323,H3,15x12_H3,5
1324,H3,15x13_H3,7
1325,H3,15x14_H3,7
1326,H3,15x15_H3,7
1327,H3,15x16_H3,7
1328,H3,15x17_H3,6
1329,H3,15x18_H3,2
1330,H3,15x19_H3,2
1331,H3,15x20_H3,6
1332,H3,15x21_H3,6
1333,H3,15x22_H3,6
1334,H3,15x23_H3,4
1335,H3,15x24_H3,6
1336,H3,15x25_H3,6
1337,H3,15x26_H3,6
1338,H3,15x27_H3,2
1339,H3,15x28_H3,3
1340,H3,15x29_H3,3
1341,H3,15x30_H3,3
1342,H3,15x31_H3,3
1343,H3,15x32_H3,3
1344,H3,15x33_H3,3
1345,H3,15x34_H3,3
1346,H3,15x9_H3,5
1347,H3,16x10_H3,5
1348,H3,16x11_H3,5
1349,H3,16x12_H3,5
1350,H3,16x13_H3,7
1351,H3,16x14_H3,7
1352,H3,16x15_H3,7
1353,H3,16x16_H3,7
1354,H3,16x17_H3,7
1355,H3,16x18_H3,4
1356,H3,16x19_H3,6
1357,H3,16x20_H3,6
1358,H3,16x21_H3,6
1359,H3,16x22_H3,6
1360,H3,16x23_H3,7
1361,H3,16x24_H3,6
1362,H3,16x25_H3,6
1363,H3,16x26_H3,6
1364,H3,16x27_H3,6
1365,H3,16x28_H3,6
1366,H3,16x29_H3,3
1367,H3,16x30_H3,3
1368,H3,16x31_H3,3
1369,H3,16x32_H3,3
1370,H3,16x33_H3,3
1371,H3,16x34_H3,3
1372,H3,16x9_H3,5
1373,H3,17x10_H3,7
1374,H3,17x11_H3,5
1375,H3,17x12_H3,5
1376,H3,17x13_H3,7
1377,H3,17x14_H3,7
1378,H3,17x15_H3,7
1379,H3,17x16_H3,7
1380,H3,17x17_H3,7
1381,H3,17x18_H3,4
1382,H3,17x19_H3,6
1383,H3,17x20_H3,6
1384,H3,17x21_H3,7
1385,H3,17x22_H3,7
1386,H3,17x23_H3,7
1387,H3,17x24_H3,6
1388,H3,17x25_H3,6
1389,H3,17x26_H3,6
1390,H3,17x27_H3,6
1391,H3,17x28_H3,6
1392,H3,17x29_H3,6
1393,H3,17x30_H3,2
1394,H3,17x31_H3,6
1395,H3,17x32_H3,6
1396,H3,17x9_H3,7
1397,H3,18x10_H3,7
1398,H3,18x11_H3,7
1399,H3,18x12_H3,7
1400,H3,18x13_H3,7
1401,H3,18x14_H3,7
1402,H3,18x15_H3,7
1403,H3,18x16_H3,7
1404,H3,18x17_H3,7
1405,H3,18x19_H3,6
1406,H3,18x20_H3,6
1407,H3,18x21_H3,7
1408,H3,18x22_H3,7
1409,H3,18x23_H3,7
1410,H3,18x24_H3,7
1411,H3,18x25_H3,7
1412,H3,18x26_H3,6
1413,H3,18x27_H3,6
1414,H3,18x28_H3,6
1415,H3,18x29_H3,6
1416,H3,18x30_H3,1
1417,H3,18x31_H3,6
1418,H3,18x32_H3,1
1419,H3,18x9_H3,7
1420,H3,19x10_H3,7
1421,H3,19x11_H3,7
1422,H3,19x12_H3,7
1423,H3,19x13_H3,7
1424,H3,19x14_H3,7
1425,H3,19x15_H3,7
1426,H3,19x16_H3,7
1427,H3,19x17_H3,7
1428,H3,19x18_H3,6
1429,H3,19x19_H3,6
1430,H3,19x20_H3,1
1431,H3,19x21_H3,1
1432,H3,19x22_H3,7
1433,H3,19x23_H3,7
1434,H3,19x24_H3,7
1435,H3,19x25_H3,7
1436,H3,19x26_H3,7
1437,H3,19x27_H3,1
1438,H3,19x28_H3,1
1439,H3,19x29_H3,1
1440,H3,19x30_H3,1
1441,H3,19x31_H3,1
1442,H3,19x9_H3,7
1443,H3,20x10_H3,7
1444,H3,20x11_H3,7
1445,H3,20x12_H3,7
1446,H3,20x13_H3,7
1447,H3,20x14_H3,7
1448,H3,20x15_H3,7
1449,H3,20x16_H3,7
1450,H3,20x17_H3,7
1451,H3,20x18_H3,6
1452,H3,20x19_H3,6
1453,H3,20x20_H3,4
1454,H3,20x21_H3,4
1455,H3,20x22_H3,4
1456,H3,20x23_H3,4
1457,H3,20x24_H3,4
1458,H3,20x25_H3,1
1459,H3,20x26_H3,1
1460,H3,20x27_H3,1
1461,H3,20x28_H3,1
1462,H3,20x29_H3,1
1463,H3,20x30_H3,1
1464,H3,20x31_H3,1
1465,H3,20x9_H3,7
1466,H3,21x10_H3,7
1467,H3,21x11_H3,7
1468,H3,21x12_H3,7
1469,H3,21x13_H3,7
1470,H3,21x14_H3,7
1471,H3,21x15_H3,7
1472,H3,21x16_H3,5
1473,H3,21x17_H3,7
1474,H3,21x18_H3,6
1475,H3,21x19_H3,6
1476,H3,21x20_H3,4
1477,H3,21x21_H3,4
1478,H3,21x22_H3,4
1479,H3,21x23_H3,4
1480,H3,21x24_H3,1
1481,H3,21x25_H3,1
1482,H3,21x26_H3,1
1483,H3,21x27_H3,1
1484,H3,21x28_H3,1
1485,H3,21x29_H3,1
1486,H3,21x30_H3,1
1487,H3,21x31_H3,1
1488,H3,21x9_H3,7
1489,H3,22x10_H3,7
1490,H3,22x11_H3,7
1491,H3,22x12_H3,7
1492,H3,22x13_H3,7
1493,H3,22x14_H3,7
1494,H3,22x15_H3,5
1495,H3,22x16_H3,5
1496,H3,22x17_H3,5
1497,H3,22x18_H3,4
1498,H3,22x19_H3,6
1499,H3,22x20_H3,4
1500,H3,22x21_H3,4
1501,H3,22x22_H3,4
1502,H3,22x23_H3,4
1503,H3,22x24_H3,1
1504,H3,22x25_H3,1
1505,H3,22x26_H3,1
1506,H3,22x27_H3,1
1507,H3,22x28_H3,1
1508,H3,22x29_H3,1
1509,H3,22x30_H3,1
1510,H3,22x9_H3,7
1511,H3,23x10_H3,7
1512,H3,23x11_H3,7
1513,H3,23x12_H3,7
1514,H3,23x13_H3,7
1515,H3,23x14_H3,7
1516,H3,23x15_H3,5
1517,H3,23x16_H3,5
1518,H3,23x17_H3,7
1519,H3,23x18_H3,4
1520,H3,23x19_H3,4
1521,H3,23x20_H3,4
1522,H3,23x21_H3,4
1523,H3,23x22_H3,4
1524,H3,23x23_H3,4
1525,H3,23x24_H3,1
1526,H3,23x25_H3,1
1527,H3,23x26_H3,1
1528,H3,23x27_H3,1
1529,H3,23x28_H3,1
1530,H3,23x29_H3,1
1531,H3,23x30_H3,1
1532,H3,23x9_H3,7
1533,H3,24x10_H3,7
1534,H3,24x11_H3,7
1535,H3,24x12_H3,7
1536,H3,24x13_H3,7
1537,H3,24x16_H3,7
1538,H3,24x17_H3,7
1539,H3,24x18_H3,7
1540,H3,24x19_H3,7
1541,H3,24x20_H3,4
1542,H3,24x21_H3,4
1543,H3,24x23_H3,1
1544,H3,24x24_H3,1
1545,H3,24x25_H3,1
1546,H3,24x26_H3,1
1547,H3,24x27_H3,1
1548,H3,24x28_H3,1
1549,H3,24x29_H3,1
1550,H3,25x11_H3,7
1551,H3,25x12_H3,7
1552,H3,25x13_H3,7
1553,H3,25x14_H3,7
1554,H3,25x15_H3,7
1555,H3,25x16_H3,7
1556,H3,25x17_H3,7
1557,H3,25x18_H3,7
1558,H3,25x19_H3,1
1559,H3,25x20_H3,4
1560,H3,25x21_H3,4
1561,H3,25x22_H3,4
1562,H3,25x23_H3,4
1563,H3,25x24_H3,1
1564,H3,25x25_H3,1
1565,H3,25x26_H3,1
1566,H3,25x27_H3,1
1567,H3,25x28_H3,1
1568,H3,25x29_H3,1
1569,H3,26x11_H3,7
1570,H3,26x12_H3,7
1571,H3,26x13_H3,7
1572,H3,26x14_H3,7
1573,H3,26x15_H3,7
1574,H3,26x16_H3,7
1575,H3,26x17_H3,7
1576,H3,26x18_H3,7
1577,H3,26x19_H3,1
1578,H3,26x20_H3,7
1579,H3,26x21_H3,4
1580,H3,26x22_H3,4
1581,H3,26x23_H3,4
1582,H3,26x24_H3,1
1583,H3,26x25_H3,1
1584,H3,26x26_H3,1
1585,H3,26x27_H3,1
1586,H3,26x28_H3,1
1587,H3,27x11_H3,7
1588,H3,27x12_H3,7
1589,H3,27x13_H3,7
1590,H3,27x14_H3,7
1591,H3,27x15_H3,7
1592,H3,27x16_H3,7
1593,H3,27x17_H3,7
1594,H3,27x18_H3,7
1595,H3,27x19_H3,5
1596,H3,27x20_H3,5
1597,H3,27x21_H3,5
1598,H3,27x22_H3,5
1599,H3,27x23_H3,1
1600,H3,27x24_H3,1
1601,H3,27x25_H3,1
1602,H3,27x26_H3,1
1603,H3,27x27_H3,1
1604,H3,28x11_H3,7
1605,H3,28x12_H3,7
1606,H3,28x13_H3,7
1607,H3,28x14_H3,7
1608,H3,28x15_H3,7
1609,H3,28x16_H3,7
1610,H3,28x17_H3,7
1611,H3,28x18_H3,5
1612,H3,28x19_H3,5
1613,H3,28x20_H3,5
1614,H3,28x21_H3,5
1615,H3,28x22_H3,5
1616,H3,28x23_H3,1
1617,H3,28x24_H3,1
1618,H3,28x25_H3,1
1619,H3,28x26_H3,1
1620,H3,29x11_H3,7
1621,H3,29x12_H3,7
1622,H3,29x13_H3,7
1623,H3,29x14_H3,7
1624,H3,29x15_H3,7
1625,H3,29x16_H3,7
1626,H3,29x17_H3,7
1627,H3,29x18_H3,5
1628,H3,29x19_H3,5
1629,H3,29x20_H3,5
1630,H3,29x21_H3,5
1631,H3,29x22_H3,5
1632,H3,29x23_H3,5
1633,H3,29x25_H3,1
1634,H3,30x11_H3,7
1635,H3,30x12_H3,7
1636,H3,30x13_H3,7
1637,H3,30x14_H3,7
1638,H3,30x15_H3,7
1639,H3,30x16_H3,3
1640,H3,30x17_H3,3
1641,H3,30x18_H3,5
1642,H3,30x19_H3,5
1643,H3,30x20_H3,5
1644,H3,30x21_H3,5
1645,H3,31x11_H3,7
1646,H3,31x12_H3,7
1647,H3,31x13_H3,7
1648,H3,31x14_H3,7
1649,H3,31x15_H3,7
1650,H3,4x26_H3,3
1651,H3,5x10_H3,5
1652,H3,5x11_H3,5
1653,H3,5x12_H3,7
1654,H3,5x13_H3,7
1655,H3,5x14_H3,7
1656,H3,5x15_H3,7
1657,H3,5x16_H3,4
1658,H3,5x17_H3,4
1659,H3,5x18_H3,4
1660,H3,5x19_H3,4
1661,H3,5x26_H3,3
1662,H3,5x27_H3,3
1663,H3,6x10_H3,5
1664,H3,6x11_H3,7
1665,H3,6x12_H3,7
1666,H3,6x13_H3,7
1667,H3,6x14_H3,7
1668,H3,6x15_H3,4
1669,H3,6x16_H3,4
1670,H3,6x17_H3,4
1671,H3,6x18_H3,4
1672,H3,6x19_H3,4
1673,H3,6x20_H3,6
1674,H3,6x21_H3,6
1675,H3,6x22_H3,2
1676,H3,6x26_H3,3
1677,H3,6x27_H3,3
1678,H3,6x29_H3,3
1679,H3,7x10_H3,5
1680,H3,7x11_H3,7
1681,H3,7x12_H3,7
1682,H3,7x13_H3,7
1683,H3,7x14_H3,7
1684,H3,7x15_H3,4
1685,H3,7x16_H3,4
1686,H3,7x17_H3,4
1687,H3,7x18_H3,4
1688,H3,7x19_H3,4
1689,H3,7x20_H3,4
1690,H3,7x21_H3,4
1691,H3,7x22_H3,2
1692,H3,7x26_H3,3
1693,H3,7x27_H3,3
1694,H3,7x28_H3,3
1695,H3,8x10_H3,7
1696,H3,8x11_H3,7
1697,H3,8x12_H3,7
1698,H3,8x13_H3,7
1699,H3,8x14_H3,7
1700,H3,8x15_H3,4
1701,H3,8x16_H3,4
1702,H3,8x17_H3,3
1703,H3,8x18_H3,3
1704,H3,8x19_H3,4
1705,H3,8x20_H3,4
1706,H3,8x21_H3,4
1707,H3,8x22_H3,2
1708,H3,8x29_H3,3
1709,H3,8x30_H3,3
1710,H3,8x31_H3,3
1711,H3,9x10_H3,7
1712,H3,9x11_H3,7
1713,H3,9x12_H3,7
1714,H3,9x13_H3,7
1715,H3,9x14_H3,4
1716,H3,9x15_H3,4
1717,H3,9x16_H3,3
1718,H3,9x17_H3,3
1719,H3,9x18_H3,2
1720,H3,9x19_H3,2
1721,H3,9x20_H3,4
1722,H3,9x21_H3,4
1723,H3,9x22_H3,4
1724,H3,9x26_H3,3
1725,H3,9x30_H3,3
1726,H3,9x31_H3,3
